id,email,imie,nazwisko
1,anna.krawczk@allegro.pl,Anna,Krawczyk
2,aleksandra.dabrowsi@orange.pl,Aleksandra,Dąbrowski
3,katarzynawieczorek@protonmail.com,Katarzyna,Wieczorek
4,mateusz_adamczyk@gazeta.pl,Mateusz,Adamczyk
5,natalia_mazur@gmail.com,Natalia,Mazur
6,kamil.ddek@op.pl,Kamil,Dudek
7,adamczyk.zofia@orange.pl,Zofia,Adamczyk
8,monikawozniak@orange.pl,Monika,Woźniak
9,tomasz.kowalczyk77@allegro.pl,Tomasz,Kowalczyk
10,monikawozniak@onet.pl,Monika,Woźniak
11,tomasz79@mailinator.com,Tomasz,Adamczyk
12,marcinnowak@hotmail.com,Marcin,Nowak
13,monika.kaminski28@vp.pl,Monika,Kamiński
14,aleksandra.dabrowsi@orange.pl,Aleksandra,Dąbrowski
15,annanowicki@onet.pl,Anna,Nowicki
16,adamczyk.zofia@orange.pl,Zofia,Adamczyk
17,adam68@o2.pl,Adam,Zając
18,pawel.zajac62@hotmial.com,Paweł,Zając
19,karolina.nowak54@outlook.com,Agnieszka,Mazur
20,pawel65@poczta.onet.pl,Paweł,Kamiński
21,annawieczorek@wp.pl,Anna,Wieczorek
22,lwozniak@temp-mail.org,Łukasz,Woźniak
23,wadamczyk@guerrillamail.com,Wojciech,Adamczyk
24,michal94@onet.pl,Michał,Dudek
25,malgorzataadamczyk@onet.pl,Małgorzata,Adamczyk
26,kontakt@vp.pl,Mateusz,Szymański
27,kozlowski.tomasz@gazeta.pl,Tomasz,Kozłowski
28,nmazur@icloud.com,Natalia,Mazur
29,aleksandra_kaminski@hotmail.com,Aleksandra,Kamiński
30,joanna.kowalski@sharklasers.com,Joanna,Kowalski
31,mkozlowski@interia.pl,Magdalena,Kozłowski
32,agnieszkakowalski@gazeta.pI,Agnieszka,Kowalski
33,szymanski.jakub@xyz-nieznana-domena-7788.eu,Jakub,Szymański
34,monikawozniak@orange.pl,Monika,Woźniak
35,wojciech_kowalski@o2.pl,Wojciech,Kowalski
36,kontakt@op.pl,Rafał,Lewandowski
37,adam_szymanski@interia.pl,Adam,Szymański
38,tomaszdudek@protonmail.com,Tomasz,Dudek
39,biuro@wp.pl,Rafał,Jankowski
40,grzegorz76@gazeta.pl,Grzegorz,Kozłowski
41,tgrabowski@icloud.com,Tomasz,Grabowski
42,aleksandra.dabrowsi@orange.pl,Aleksandra,Dąbrowski
43,jakub.grabowski@stara-nazwa-spolki-2003.pl,Jakub,Grabowski
44,jakub73@o2.pl,Jakub,Szymański
45,krzysztof.lewandowski@o2.pl,Krzysztof,Lewandowski
46,piotr_kowalczyk@gmail.com,Piotr,Kowalczyk
47,jankowski.piotr@protonmail.com,Piotr,Jankowski
48,krzysztof.kaminski74@hotmail.com,Krzysztof,Kamiński
49,kwozniak@poczta.onet.pl,Krzysztof,Woźniak
50,barbara.jankowski97@vp.pl,Barbara,Jankowski
51,zofia_michalski@nieistniejaca-domena-4471.com,Zofia,Michalski
52,ewa_kozlowski@outlook.com,Ewa,Kozłowski
53,mpawlowski@onet.pl,Tomasz,Nowicki
54,ewa85@orange.pl,Ewa,Grabowski
55,barbaragrabowski..x@icloud.com,Barbara,Grabowski
56,apawlowski@allegro.pl,Anna,Pawłowski
57,adam.lewandowski13@poczta.onet.pl,Adam,Lewandowski
58,michalski.ewa@wp.pl,Ewa,Michalski
59,adam.zielinski25@xyz-nieznana-domena-7788.eu,Adam,Zieliński
60,mkwiatkowski@outlook.com,Magdalena,Kwiatkowski
61,kwiatkowski.agnieszka@gazeta.pl,Agnieszka,Kwiatkowski
62,znowak@outlook,Zofia,Nowak
63,barbarazajac@op.pl,Barbara,Zając
64,marcinnowak@hotmail.com,Marcin,Nowak
65,nzielinski@allegro.pl,Natalia,Zieliński
66,aleksandra.wisniewski@vp.pl,Aleksandra,Wiśniewski
67,rafal_krawczyk@gazeta.pl,Rafał,Krawczyk
68,aleksandra95@hotmail.com,Aleksandra,Zając
69,bgrabowski@icloud.com,Barbara,Grabowski
70,kkrawczyk@allegro.pl,Katarzyna,Krawczyk
71,joanna.fitka@onet.pl,Joanna,Fityka
72,zofia91@xyz-nieznana-domena-7788.eu,Zofia,Woźniak
73,nzajac@outlook.com,Natalia,Zając
74,amichalski@hotmail.com,Agnieszka,Michalski
75,natalia_lewandowski@allegro.pl,Natalia,Lewandowski
76,tomasz62@icloud.com,Tomasz,Wójcik
77,krzysztof65@mailinator.com,Krzysztof,Dudek
78,andrzej.ftyka@outlook.com,Andrzej,Fityka
79,malgorzata.wieczorek@onet.pl,Małgorzata,Wieczorek
80,apawlowski@op.pl,Adam,Pawłowski
81,nowak.agnieszka@poczta.onet.pl,Agnieszka,Nowak
82,malgorzata88@interia.pl,Małgorzata,Pawłowski
83,natalia.jankowski43@icloud.com,Natalia,Jankowski
84,joannawieczorek@op.pl,Joanna,Wieczorek
85,kowalczyk.pawel@,Paweł,Kowalczyk
86,joanna.krawczyk@onte.pl,Joanna,Krawczyk
87,piotr.kozlowski@icloud.com,Piotr,Kozłowski
88,grzegorz.zajac@onet.pl,Grzegorz,Zając
89,michalski.natalia@icloud,Natalia,Michalski
90,barbara.krawczyk93@temp-mail.org,Barbara,Krawczyk
91,awieczorek@gmail.com,Agnieszka,Wieczorek
92,jakub82@stara-nazwa-spolki-2003.pl,Jakub,Fityka
93,@gazeta.pl,Natalia,Fityka
94,admin@onet.pl,Krzysztof,Nowak
95,grzegorz_kowalski@wp.pI,Grzegorz,Kowalski
96,michalnowak@onet.pl,Michał,Nowak
97,michal.nowicki@onte.pl,Michał,Nowicki
98,aleksandra.adamczyk@yopmail.com,Aleksandra,Adamczyk
99,barbara.zieinski@protonmail.com,Barbara,Zieliński
100,julia71@onet.pl,Julia,Zieliński
101,wojcik.monika@icloud.com,Monika,Wójcik
102,natalia94@gmail.com,Natalia,Dudek
103,andrzej_fityka@icloud.com,Natalia,Zieliński
104,julia_kwiatkowski@protonmail.com,Julia,Kwiatkowski
105,pawel65@allegro.pl,Paweł,Kowalczyk
106,mateusz_kaminski@allegro.pl,Mateusz,Kamiński
107,jankowski.piotr@protonmail.com,Piotr,Jankowski
108,lukasz71@protonmail.com,Łukasz,Dudek
109,julia85@interia.pl,Julia,Dudek
110,julia.dudek@poczta.onet.pl,Julia,Dudek
111,mnowicki@onet.pl,Michał,Nowicki
112,barbaramazur@op.pl,Barbara,Mazur
113,aleksandra.michalski@vp.pl,Aleksandra,Kamiński
114,fityka.mateusz@gmai.com,Mateusz,Fityka
115,jmichalski@icloud.com,Joanna,Michalski
116,barbaradabrowski@interia.pl,Barbara,Dąbrowski
117,pkrawczyk@poczta.onet.pl,Piotr,Krawczyk
118,tomasz66@10minutemail.com,Tomasz,Nowicki
119,zofia.dudek92@interia.pI,Zofia,Dudek
120,malgorzata65@outlook.com,Małgorzata,Kwiatkowski
121,michal89@outlook.com,Michał,Krawczyk
122,awieczorek@poczta.onet.pl,Agnieszka,Wieczorek
123,kaminski.natalia@wp.pl,Natalia,Kamiński
124,malgorzata86@wp.pl,Małgorzata,Kamiński
125,admin@protonmail.com,Ewa,Mazur
126,marcin.wozniak@wp.pl,Marcin,Woźniak
127,jakub.jankowski@poczta.onet.pl,Jakub,Jankowski
128,mszymanski@allegro.pl,Magdalena,Szymański
129,dabrowski.tomasz@stara-nazwa-spolki-2003.pl,Tomasz,Dąbrowski
130,agnieszka.pawlowski11@yopmail.com,Agnieszka,Pawłowski
131,joanna96@vp.pl,Joanna,Szymański
132,kpiotrowski@wp.pl,Katarzyna,Piotrowski
133,jkwiatkowski@onet.pl,Julia,Kwiatkowski
134,aleksandra.jankowski58@interia.pl,Aleksandra,Jankowski
135,lukasz68op.pl,Łukasz,Nowicki
136,mjankowski@stara-nazwa-spolki-2003.pl,Magdalena,Jankowski
137,tomaszkowalski@wp.pl,Tomasz,Kowalski
138,adam.wisniewski@interia.pI,Adam,Wiśniewski
139,ewalewandowskihotmail.com,Ewa,Lewandowski
140,jakub.kowalczyk@allegro.pl,Jakub,Kowalczyk
141,aleksandra.wisniewski@@onet.pl,Aleksandra,Wiśniewski
142,nowak.adam@onet.pI,Adam,Nowak
143,szymanski.joanna@interia.pl,Joanna,Szymański
144,tomasz_zajac@gazeta.pl,Tomasz,Zając
145,apawlowski@allegro.pl,Anna,Pawłowski
146,mazur.lukasz@o2.pl,Łukasz,Mazur
147,info@outlook.com,Rafał,Pawłowski
148,rafal.lewandowski@vp.pl,Rafał,Lewandowski
149,zofia_wisniewski@interia.pl,Krzysztof,Kamiński
150,awieczorek@poczta.onet.pl,Agnieszka,Wieczorek
151,piotr.kwiatkowski27@interia.pl,Piotr,Kwiatkowski
152,magdalena.kowalski45@vp.pl,Magdalena,Kowalski
153,barbara.jankowski97@vp.pl,Barbara,Jankowski
154,anna_pawlowski@icloud.com,Anna,Pawłowski
155,joanna_michalski@outlok.com,Joanna,Michalski
156,lewandowski.kamil@gazeta.pI,Kamil,Lewandowski
157,malgorzata.dudk@allegro.pl,Małgorzata,Dudek
158,lukasz.piotrowski55@hotmail.com,Łukasz,Piotrowski
159,tomasz.kowalczyk@onet.pl,Tomasz,Kowalczyk
160,dabrowski.lukasz@o2.p,Łukasz,Dąbrowski
161,andrzej_lewandowskiorange.pl,Andrzej,Lewandowski
162,bwozniak@onet.pl,Barbara,Woźniak
163,magdalena98@onet.pl,Magdalena,Kowalczyk
164,malgorzatakrawczyk@op.pl,Małgorzata,Krawczyk
165,malgorzata.zielinski@protonmail.com,Małgorzata,Zieliński
166,agnieszkaadamczyk@@allegro.pl,Agnieszka,Adamczyk
167,rafalkowalski@poczta.onet.pl,Rafał,Kowalski
168,kamil.mazur@nieistniejaca-domena-4471.com,Kamil,Mazur
169,monika.piotrowski@vp.pl,Monika,Piotrowski
170,tomasz.zajac@wp.pl,Tomasz,Zając
171,krzysztof.michalskiprotonmail.com,Krzysztof,Michalski
172,malgorzata_kwiatkowski@protonmail.com,Małgorzata,Kwiatkowski
173,jakub_krawczyk@op.pl,Jakub,Krawczyk
174,monika.kowalski@poczta.onet.pl,Monika,Kowalski
175,wojciech.kowalski@o2.p,Wojciech,Kowalski
176,mszymanski@vp.pl,Monika,Szymański
177,lukasz.wisniewski39@outlook.com,Łukasz,Wiśniewski
178,krzysztofkowalski@poczta.onet.pl,Krzysztof,Kowalski
179,magdalena.pawlowski@orange.pl,Magdalena,Pawłowski
180,anna_kaminski@op.pl,Anna,Kamiński
181,joanna.nwicki@icloud.com,Joanna,Nowicki
182,monikawieczorek@vp.pl,Monika,Wieczorek
183,jadamczyk@interia.pI,Joanna,Adamczyk
184,adamkowalski@outlok.com,Adam,Kowalski
185,rafal.nowicki84@protonmail.com,Rafał,Nowicki
186,andrzej.kozlowski85@icloud.com,Andrzej,Kozłowski
187,anna86@interia.pl,Anna,Piotrowski
188,rkaminski@gazeta.pl,Rafał,Kamiński
189,malgorzata.szymanski54@gmail.co,Małgorzata,Szymański
190,malgorzata75@interia.pl,Małgorzata,Michalski
191,karolina83@trashmail.com,Karolina,Wójcik
192,akowalczyk@gmail.com,Agnieszka,Kowalczyk
193,malgorzata_zielinski@poczta.onet.pl,Małgorzata,Zieliński
194,andrzej_szymanski@gmail.com,Andrzej,Szymański
195,aleksandra_kaminski@wp.pl,Aleksandra,Kamiński
196,piotr.nowak@op.pl,Piotr,Nowak
197,joanna70@onet.pl,Joanna,Woźniak
198,ewa_wieczorek@wp.pl,Ewa,Wieczorek
199,pkrawczyk@poczta.onet.pl,Piotr,Krawczyk
200,szymanski.grzegorz@hotmail,Grzegorz,Szymański
201,marcin.kowalski@outlook.com,Marcin,Kowalski
202,piotrkowalczyk@orange.pl,Piotr,Kowalczyk
203,zofia.kozlowsi@wp.pl,Zofia,Kozłowski
204,andrzej96@wp.pl,Andrzej,Dąbrowski
205,tnowicki@wp.pll,Tomasz,Nowicki
206,aleksandra73@orange.pl,Aleksandra,Piotrowski
207,julia.kowalczyk22@protonmail.com,Julia,Kowalczyk
208,@vp.pl,Aleksandra,Zając
209,magdalena_nowicki@poczta.onet.pl,Magdalena,Nowicki
210,monika.szymanski@icloud.com,Monika,Szymański
211,tomasz_kowalczyk@o2.pl,Tomasz,Kowalczyk
212,dabrowski.julia@poczta.onet.pl,Julia,Dąbrowski
213,mkaminski@outlook.com,Małgorzata,Kamiński
214,alewandowski@gmail.com,Zofia,Dudek
215,jakub_kowalski@gmial.com,Jakub,Kowalski
216,knowicki@op.pl,Karolina,Nowicki
217,katarzynapawlowski@orange.pl,Katarzyna,Pawłowski
218,mateuszkowalski@icloud.com,Mateusz,Kowalski
219,adamkwiatkowski@vp.pl,Anna,Michalski
220,lwozniak@firma-ktorej-nie-ma-9812.pl,Łukasz,Woźniak
221,zofia_mazur@vp.pl,Zofia,Mazur
222,glewandowski@firma-ktorej-nie-ma-9812.pl,Grzegorz,Lewandowski
223,lewandowski.kamil@onet.pI,Kamil,Lewandowski
224,natalia.piotrowski@o2.pl,Natalia,Piotrowski
225,magdalenaszymanski@trashmail.com,Magdalena,Szymański
226,malgorzata.dudk@allegro.pl,Małgorzata,Dudek
227,kwiatkowski.marcin@outlok.com,Marcin,Kwiatkowski
228,pawel.krawczyk19@stara-nazwa-spolki-2003.pl,Paweł,Krawczyk
229,michalwisniewski@firma-ktorej-nie-ma-9812.pl,Michał,Wiśniewski
230,sprzedaz@gazeta.pl,Ewa,Fityka
231,wojciech.lewandowski@icloud.com,Wojciech,Lewandowski
232,natalia87@wp.pl,Natalia,Piotrowski
233,zofiakaminski@orange.pl,Paweł,Jankowski
234,zofiajankowski@protonmail.com,Zofia,Jankowski
235,katarzyna_pawlowski@hotmial.com,Katarzyna,Pawłowski
236,jakub.grabowski@trashmail.com,Jakub,Grabowski
237,hr@gazeta.pl,Mateusz,Kozłowski
238,agnieszkawozniak@allegro.pl,Agnieszka,Woźniak
239,kowalski.andrzej@onet.pl,Andrzej,Kowalski
240,lukasz.jankowski@,Łukasz,Jankowski
241,mateusz_jankowski@xyz-nieznana-domena-7788.eu,Mateusz,Jankowski
242,grabowski.zofia@nieistniejaca-domena-4471.com,Zofia,Grabowski
243,andrzej.kozlowski@guerrillamail.com,Andrzej,Kozłowski
244,lukaszwisniewski@gazeta.pI,Łukasz,Wiśniewski
245,michal89@outlook.com,Michał,Krawczyk
246,mjankowski@wp.pl,Mateusz,Jankowski
247,agnieszkapawlowski@hotmail.com,Agnieszka,Pawłowski
248,andrzej.mazur a@op.pl,Andrzej,Mazur
249,natalia97@poczta.onet.pl,Natalia,Wieczorek
250,agnieszka98@poczta.onet.pl,Agnieszka,Pawłowski
251,juliazajacprotonmail.com,Julia,Zając
252,krzysztof.wisniewski@yopmail.com,Krzysztof,Wiśniewski
253,barbara73@op.pl,Piotr,Pawłowski
254,monika.szymanski49@orange.pl,Monika,Szymański
255,mkozlowski@hotmail.com,Magdalena,Kozłowski
256,jankowski.piotr@orange.pl,Piotr,Jankowski
257,mkwiatkowski@firma-ktorej-nie-ma-9812.pl,Magdalena,Kwiatkowski
258,madamczyk@gmail.com,Michał,Adamczyk
259,mpawlowski@onet.pl,Tomasz,Nowicki
260,piotr.piotrowski91@poczta.onet.pl,Piotr,Piotrowski
261,agnieszka_kowalczyk@allegro.pl,Agnieszka,Kowalczyk
262,marcin69@allegro.pl,Marcin,Michalski
263,alewandowski@wp.pll,Anna,Lewandowski
264,zielinski.agnieszka@interia.pl,Agnieszka,Zieliński
265,tomasz.kowalczyk@onet.pl,Tomasz,Kowalczyk
266,kontakt@allegro.pl,Michał,Grabowski
267,jakub.nowicki55@o2.pl,Paweł,Michalski
268,mateusz.wozniak42@protonmail.com,Mateusz,Woźniak
269,lszymanski@onte.pl,Łukasz,Szymański
270,grzegorz.mazur6..x@protonmail.com,Grzegorz,Mazur
271,lukaszpiotrowski@hotmail.com,Łukasz,Piotrowski
272,piotr_kowalczyk@gmail.com,Piotr,Kowalczyk
273,joanna.pawlowski38@interia.pl,Joanna,Pawłowski
274,aleksandra_kowalczyk@vp.pl,Aleksandra,Kowalczyk
275,magdalena.kaminski@icloud.com,Magdalena,Kamiński
276,grzegorzwojcik@o2.pl,Grzegorz,Wójcik
277,admin@protonmail.com,Ewa,Mazur
278,wojciech85@protonmail.com,Wojciech,Kowalski
279,piotrwisniewski@poczta.onet.pl,Piotr,Wiśniewski
280,karolina73@op.pl,Karolina,Wiśniewski
281,jakubszymanski@allegro.pl,Jakub,Szymański
282,admin@protonmail.com,Ewa,Mazur
283,monika.krwczyk@wp.pl,Monika,Krawczyk
284,andrzej.kaminki@interia.pl,Andrzej,Kamiński
285,jpiotrowski@allegro.pl,Joanna,Piotrowski
286,michal.woznik@vp.pl,Michał,Woźniak
287,"kwieczorek@poczta.onet.pl,",Karolina,Wieczorek
288,kkowalski@wp.pl,Kamil,Kowalski
289,nowicki.marcin@outlook.com,Marcin,Nowicki
290,natalia.szymanski60@orange.pl,Natalia,Szymański
291,natalia80@hotmial.com,Natalia,Jankowski
292,monika.piotrowski@vp.pl,Monika,Piotrowski
293,jakub86@nieistniejaca-domena-4471.com,Jakub,Krawczyk
294,adam.jankowski44@protonmail.com,Adam,Jankowski
295,zofiamichalski a@gmail.com,Zofia,Michalski
296,akowalczyk@poczta.onet.pl,Adam,Kowalczyk
297,julialewandowski@mailinator.com,Julia,Lewandowski
298,natalia.fityka47@outlook.com,Natalia,Fityka
299,mateusz.kowalski@op.pl,Mateusz,Kowalski
300,kowalczyk.krzysztof@outlook.com,Krzysztof,Kowalczyk
301,admin@orange.pl,Jakub,Piotrowski
302,tomaszdudek@protonmail.com,Tomasz,Dudek
303,kadamczyk@gazeta.pI,Katarzyna,Adamczyk
304,krzysztof_szymanski@orange.pl,Krzysztof,Szymański
305,lukasz71@allegro.pl,Łukasz,Dudek
306,krawczyk.mateusz@poczta.onet.pl,Mateusz,Krawczyk
307,kowalski.anna@gazeta.pl,Anna,Kowalski
308,joannajankowski@outlook,Joanna,Jankowski
309,sekretariat@gazeta.pl,Rafał,Zieliński
310,natalia.kwiatkowski@wp.pl,Natalia,Kwiatkowski
311,mkrawczyk@wp.pl,Michał,Krawczyk
312,adamczyk.natalia@o2.pl,Natalia,Adamczyk
313,hr@gazeta.pl,Katarzyna,Michalski
314,andrzej_grabowski@orange.pl,Andrzej,Grabowski
315,jakub.jankowski57@vp.pl,Jakub,Jankowski
316,magdalena.jankowski@o2.pl,Magdalena,Jankowski
317,barbaranowak@interia.pl,Barbara,Nowak
318,pawel62@op.pl,Paweł,Lewandowski
319,adam.kowalski@onet.pl,Adam,Kowalski
320,jakub_wisniewski@nieistniejaca-domena-4471.com,Jakub,Wiśniewski
321,marcindabrowski@gmail.com,Marcin,Dąbrowski
322,piotr76@poczta.onet.pl,Piotr,Dudek
323,pkozlowski@vp.pl,Piotr,Kozłowski
324,kaminski.mateusz@op.pl,Mateusz,Kamiński
325,kamil_nowicki@wp.pl,Kamil,Nowicki
326,piotr_wojcik@gmail.com,Piotr,Wójcik
327,nowak.barbara@,Barbara,Nowak
328,info@icloud.com,Małgorzata,Kowalczyk
329,mwisniewskiicloud.com,Magdalena,Wiśniewski
330,lukaszfityka@icloud.com,Łukasz,Fityka
331,andrzej_lewandowski@vp.pl,Andrzej,Lewandowski
332,andrzej84@firma-ktorej-nie-ma-9812.pl,Andrzej,Kowalczyk
333,monika.dabrowski@op.pl,Monika,Dąbrowski
334,biuro@icloud.com,Małgorzata,Wiśniewski
335,wieczorek.karolina@gmail.com,Karolina,Wieczorek
336,kowalczyk.monika@nieistniejaca-domena-4471.com,Monika,Kowalczyk
337,kamil.zajac@gmail.com,Kamil,Zając
338,magdalena.wozniak@,Magdalena,Woźniak
339,lukaszpawlowski@vp.pl,Łukasz,Pawłowski
340,joanna63@orange.pl,Grzegorz,Kowalczyk
341,wojciech_kowalski@gmail.com,Wojciech,Kowalski
342,wozniak.katarzyna@o2.p,Katarzyna,Woźniak
343,michal.wisniewski24@nieistniejaca-domena-4471.com,Michał,Wiśniewski
344,bwozniak@onet.pl,Barbara,Woźniak
345,joanna.kwiatkowski@gazeta.pl,Joanna,Kwiatkowski
346,magdalena95@@outlook.com,Magdalena,Nowicki
347,znowak@poczta.onet.pl,Zofia,Nowak
348,wisniewski.aleksandra@wp.pl,Aleksandra,Wiśniewski
349,katarzyna65@vp.pl,Katarzyna,Nowicki
350,rafalmichalski@wp.pl,Rafał,Michalski
351,wieczorek.monika@op.pl,Monika,Wieczorek
352,"tomasz_wojcik@gazeta.pl,",Tomasz,Wójcik
353,monika.fityka57@poczta.onet.pl,Monika,Fityka
354,piotrowski.krzysztof@gmial.com,Krzysztof,Piotrowski
355,piotrowski.marcin@orange.pl,Marcin,Piotrowski
356,tomasz_pawlowski@orange.pl,Tomasz,Pawłowski
357,kkwiatkowski@gmail.com,Karolina,Kwiatkowski
358,wojciech85@protonmail.com,Wojciech,Kowalski
359,julia73@hotmail.com,Julia,Szymański
360,pawel.dabrowski21@op.pl,Paweł,Dąbrowski
361,ldabrowski@,Łukasz,Dąbrowski
362,zajac.mateusz@onet.pl,Mateusz,Zając
363,info@wp.pl,Karolina,Pawłowski
364,katarzynawojcik@outlook.com,Katarzyna,Wójcik
365,wojciech.kowalski@outlook.com,Wojciech,Kowalski
366,wojciech_fityka@interia,Wojciech,Fityka
367,grzegorz.kowalski97@gmail.com,Grzegorz,Kowalski
368,krzysztof.nowak8@onet.pl,Krzysztof,Nowak
369,joanna.wojcik@gmail.com,Joanna,Wójcik
370,michalwisniewski@protonmail.com,Michał,Wiśniewski
371,akaminski@outlook.com,Grzegorz,Nowak
372,andrzej82@orange.pl,Andrzej,Dudek
373,szymanski.aleksandra@onte.pl,Aleksandra,Szymański
374,mszymanski@vp.pl,Mateusz,Szymański
375,pawel.krawczyk40@vp.pl,Paweł,Krawczyk
376,tkaminski@gmai.com,Tomasz,Kamiński
377,kamilgrabowski@allegro.pl,Katarzyna,Mazur
378,adam.dabrowski@gmail.co,Adam,Dąbrowski
379,barbaranowak@interia.pl,Barbara,Nowak
380,"kowalczyk.kamil@outlook.com,",Kamil,Kowalczyk
381,grzegorzmazur@gmai.com,Grzegorz,Mazur
382,piotr_wozniak@mailinator.com,Piotr,Woźniak
383,jankowski.lukasz@orange.pl,Łukasz,Jankowski
384,jzajac@allegro.pl,Julia,Zając
385,rmazur@gmail.com,Rafał,Mazur
386,magdalena.wozniak17@gmail.com,Magdalena,Woźniak
387,jakub92@outlook.com,Jakub,Mazur
388,kamil.zajac@stara-nazwa-spolki-2003.pl,Kamil,Zając
389,karolina_wieczorek@poczta.onet.pl,Karolina,Wieczorek
390,kamil.michalski@gazeta.pl,Kamil,Michalski
391,aleksandra.wozniak@gazeta.pl,Aleksandra,Woźniak
392,karolinakowalski@gmail.com,Karolina,Kowalski
393,lewandowski.magdalena@op.pl,Magdalena,Lewandowski
394,lewandowski.katarzyna@hotmail.com,Katarzyna,Lewandowski
395,wojciech_michalski@gazeta.pl,Wojciech,Michalski
396,biuro@wp.pl,Piotr,Szymański
397,kozlowski.malgorzata@gmail.com,Małgorzata,Kozłowski
398,amichalski b@gmail.com,Andrzej,Michalski
399,adam.pawlowski@allegro.pl,Adam,Pawłowski
400,pawelnowak@allegro.pl,Paweł,Nowak
401,julia69@outlook.com,Julia,Piotrowski
402,rafal.nowicki@outlook.com,Rafał,Nowicki
403,kamil_zielinski@protonmail.com,Kamil,Zieliński
404,wojciech94@gmai.com,Wojciech,Kozłowski
405,krzysztofwozniak@orange.pl,Krzysztof,Woźniak
406,biuro@poczta.onet.pl,Jakub,Kwiatkowski
407,natalia.nowk@o2.pl,Natalia,Nowak
408,grabowski.rafal@outlook.com,Rafał,Grabowski
409,katarzyna.jankowski@op.pl,Katarzyna,Jankowski
410,magdalena.grabowski@poczta.onet.pl,Magdalena,Grabowski
411,magdalena.wojcik@allegro.pl,Magdalena,Wójcik
412,pawel_wojcik@10minutemail.com,Paweł,Wójcik
413,karolina.jankowski@interia.pl,Karolina,Jankowski
414,agnieszka66@guerrillamail.com,Agnieszka,Kwiatkowski
415,marcin.wisniewski51@gazeta.pl,Marcin,Wiśniewski
416,ewa_wieczorek@hotmail.com,Ewa,Wieczorek
417,monikakwiatkowski@gmail.com,Monika,Kwiatkowski
418,monika.fityka@onet.pI,Monika,Fityka
419,aleksandrawozniak@outlook.com,Aleksandra,Woźniak
420,nowak.andrzej@poczta.onet.pl,Andrzej,Nowak
421,kontakt@icloud.com,Kamil,Mazur
422,tomaszadamczyk@o2.pl,Tomasz,Adamczyk
423,aleksandra.nowicki@protonmail.com,Aleksandra,Nowicki
424,wojciech85@protonmail.com,Wojciech,Kowalski
425,joanna_wieczorek@hotmail.com,Joanna,Wieczorek
426,ewawojcik@gmail.com,Ewa,Wójcik
427,andrzej_fityka@icloud.com,Natalia,Zieliński
428,andrzejmichalski@10minutemail.com,Andrzej,Michalski
429,hr@allegro.pl,Adam,Szymański
430,mateusz_pawlowski@firma-ktorej-nie-ma-9812.pl,Mateusz,Pawłowski
431,katarzyna.wieczorek@op.pl,Katarzyna,Wieczorek
432,mazur.krzysztof@gazeta.pl,Krzysztof,Mazur
433,apiotrowski@op.pl,Andrzej,Piotrowski
434,kamil.wieczorek96@hotmail.com,Kamil,Wieczorek
435,adam.wojcik38@firma-ktorej-nie-ma-9812.pl,Adam,Wójcik
436,sekretariat@onet.pl,Krzysztof,Kwiatkowski
437,kwiatkowski.anna@gmail.com,Anna,Kwiatkowski
438,monika.wozniak@outlok.com,Monika,Woźniak
439,barbarajankowski@outlook.com,Barbara,Jankowski
440,bok@allegro.pl,Małgorzata,Jankowski
441,anowak@protonmail.com,Agnieszka,Nowak
442,jankowski.julia@interia.pI,Julia,Jankowski
443,ewa.dabrowski@o2.pl,Ewa,Dąbrowski
444,marcinfityka@op.pl,Marcin,Fityka
445,kamil_kowalczyk@op.pl,Marcin,Wójcik
446,adamfityka@onte.pl,Adam,Fityka
447,michal.kaminski@onte.pl,Michał,Kamiński
448,ewa.wieczork@icloud.com,Ewa,Wieczorek
449,agnieszkakowalczyk@trashmail.com,Agnieszka,Kowalczyk
450,ewa.wisniewski@gazeta.pI,Ewa,Wiśniewski
451,wojciech_zajac@vp.pl,Mateusz,Piotrowski
452,agnieszka.dudek3@op.pl,Agnieszka,Dudek
453,grzegorzdudek@o2.pl,Grzegorz,Dudek
454,zielinski.tomasz@wp.pll,Tomasz,Zieliński
455,kwisniewski@,Katarzyna,Wiśniewski
456,kwiatkowski.andrzej@poczta.onet.pl,Monika,Adamczyk
457,monika.adamczyk@gmail.com,Monika,Adamczyk
458,lukasz_wieczorek@onet.pl,Łukasz,Wieczorek
459,wkaminski@poczta.onet.pl,Wojciech,Kamiński
460,kkozlowski@hotmail.com,Katarzyna,Kozłowski
461,ewaadamczyk@gmai.com,Ewa,Adamczyk
462,pawel.piotrowski35@vp.pl,Paweł,Piotrowski
463,wisniewski.anna@icloud.com,Aleksandra,Mazur
464,zdudek@o2.pl,Zofia,Dudek
465,grzegorz.fityka20@gmail.com,Grzegorz,Fityka
466,adam.kwiatkowski@poczta.onet.pl,Adam,Kwiatkowski
467,aleksandra.wozniak@vp.pl,Aleksandra,Woźniak
468,kamilmazur@onet.pl,Kamil,Mazur
469,tomasznowak@allegro.pl,Tomasz,Nowak
470,zofia.wisniewski57@vp.pl,Zofia,Wiśniewski
471,juliakowalski@interia.pl,Julia,Kowalski
472,akrawczyk@xyz-nieznana-domena-7788.eu,Andrzej,Krawczyk
473,nowak.kamil@op.pl,Mateusz,Zieliński
474,zkozlowski@hotmail.com,Jakub,Szymański
475,gnowicki@o2.pl,Grzegorz,Nowicki
476,info@wp.pl,Mateusz,Wieczorek
477,agnieszka.wojcik..x@onet.pl,Agnieszka,Wójcik
478,grzegorz95@@outlook.com,Grzegorz,Wieczorek
479,grzegorz76@onte.pl,Grzegorz,Michalski
480,@vp.pl,Aleksandra,Zając
481,wojciech87@interia.pl,Wojciech,Fityka
482,katarzyna67@poczta.onet.pl,Katarzyna,Wieczorek
483,krzysztof.dudek@wp.pI,Krzysztof,Dudek
484,mszymanski@outlook.com,Marcin,Szymański
485,aleksandra73@orange.pl,Aleksandra,Piotrowski
486,tomasz.michalski@gmail.cm,Tomasz,Michalski
487,joanna.kaminski64@gazeta.pl,Joanna,Kamiński
488,katarzyna72@vp.pl,Katarzyna,Woźniak
489,aleksandra_wojcik@hotmail.com,Aleksandra,Wójcik
490,mkwiatkowski@op.pl,Marcin,Kwiatkowski
491,malgorzatamazur@guerrillamail.com,Małgorzata,Mazur
492,lukasz95@orange.pl,Łukasz,Jankowski
493,anna.piotrowski89@wp.pl,Anna,Piotrowski
494,marcinjankowski@op.pl,Marcin,Jankowski
495,kmazur@interia.pl,Karolina,Mazur
496,malgorzatamichalski@gmai.com,Małgorzata,Michalski
497,lewandowski.jakub@vp.pl,Jakub,Lewandowski
498,kowalczyk.andrzej@xyz-nieznana-domena-7788.eu,Andrzej,Kowalczyk
499,marcin.kowalski2@poczta.onet.pl,Marcin,Kowalski
500,katarzynamazur@stara-nazwa-spolki-2003.pl,Katarzyna,Mazur
501,julia.mazur@hotmail.com,Julia,Mazur
502,marcin88@allegro.pl,Marcin,Wójcik
503,mateuszadamczyk@nieistniejaca-domena-4471.com,Mateusz,Adamczyk
504,anna.fityka@o2.pl,Anna,Fityka
505,agnieszka.wisniewski@protonmail.com,Agnieszka,Wiśniewski
506,kowalczyk.agnieszka@vp.pl,Agnieszka,Kowalczyk
507,tomasz.kaminski3@wp.pl,Rafał,Michalski
508,fityka.krzysztof@allegro.pl,Krzysztof,Fityka
509,wojcik.malgorzata@gazeta.pl,Małgorzata,Wójcik
510,karolina.michalski8@vp.pl,Karolina,Michalski
511,natalia.wieczorek@outlook.com,Natalia,Wieczorek
512,michal87@orange.pl,Michał,Wójcik
513,adamadamczyk@interia.pl,Adam,Adamczyk
514,barbara.dabrowski11@protonmail.com,Barbara,Dąbrowski
515,tomasz_szymanski@protonmail.com,Tomasz,Szymański
516,zofia88@protonmail.com,Zofia,Kamiński
517,agnieszka.mazur51@interia.pl,Agnieszka,Mazur
518,julia_wozniak@stara-nazwa-spolki-2003.pl,Julia,Woźniak
519,adam.kowalski@poczta.onet.pl,Adam,Kowalski
520,barbarajankowski@outlook.com,Barbara,Jankowski
521,michal.kwiatkowski68@orange.pl,Michał,Kwiatkowski
522,zielinski.joanna@poczta.onet.pl,Joanna,Zieliński
523,michalnowak@op.pl,Magdalena,Mazur
524,wmichalski@vp.pl,Monika,Kozłowski
525,zofia.kowalcyk@outlook.com,Zofia,Kowalczyk
526,admin@o2.pl,Ewa,Grabowski
527,wojciech_lewandowski@wp.pI,Wojciech,Lewandowski
528,michal_grabowski@op.pl,Michał,Grabowski
529,tomasz.michalski@gazeta.pl,Tomasz,Michalski
530,bok@vp.pl,Zofia,Kamiński
531,biuro@onet.pl,Julia,Michalski
532,rafal.kowalczyk46@yopmail.com,Rafał,Kowalczyk
533,nkwiatkowski@vp.pl,Natalia,Kwiatkowski
534,pmazur@gazeta.pl,Paweł,Mazur
535,ewakaminski@gmail.com,Ewa,Kamiński
536,katarzyna_dabrowski@icloud.com,Wojciech,Grabowski
537,adam.piotrowski22@hotmail.com,Adam,Piotrowski
538,wkwiatkowski@@onet.pl,Wojciech,Kwiatkowski
539,michal.jankoski@onet.pl,Michał,Jankowski
540,wieczorek.magdalena@onet.pl,Aleksandra,Nowicki
541,jgrabowski@op.pl,Joanna,Grabowski
542,zofia.szymanski@gazeta.pl,Zofia,Szymański
543,kwisniewski@outlook.com,Krzysztof,Wiśniewski
544,krzysztofkowalczyk@yopmail.com,Krzysztof,Kowalczyk
545,malgorzata76@onet.pl,Małgorzata,Kozłowski
546,nowak.natalia@op.pl,Natalia,Nowak
547,katarzyna.zajac36@onet.pl,Katarzyna,Zając
548,joanna.wisniewski@op.pl,Joanna,Wiśniewski
549,bpawlowski@icloud.com,Barbara,Pawłowski
550,michal89@outlook.com,Michał,Krawczyk
551,grzegorz.adamcyk@op.pl,Grzegorz,Adamczyk
552,szymanski.karolina@protonmail.com,Karolina,Szymański
553,edudek@hotmail.com,Ewa,Dudek
554,hr@wp.pl,Tomasz,Lewandowski
555,natalia79@stara-nazwa-spolki-2003.pl,Natalia,Dąbrowski
556,agnieszka_pawlowskiop.pl,Agnieszka,Pawłowski
557,kowalski.anna@gazeta.pl,Anna,Kowalski
558,rafalkwiatkowski@wp.pl,Rafał,Kwiatkowski
559,mwozniak@interia.pl,Marcin,Woźniak
560,wojciechmazur@outlok.com,Wojciech,Mazur
561,kkozlowski@orange.pl,Karolina,Kozłowski
562,azielinski@icloud.com,Agnieszka,Zieliński
563,aleksandra78@vp.pl,Aleksandra,Nowicki
564,lukasz.szymanski32@wp.pl,Łukasz,Szymański
565,wojciech.wozniak85@outlook.com,Barbara,Kamiński
566,biuro@protonmail.com,Andrzej,Kozłowski
567,zofia_piotrowski@poczta.onet.pl,Zofia,Piotrowski
568,lukaszkowalczyk@allegro.pl,Łukasz,Kowalczyk
569,"pawelkowalczyk@icloud.com,",Paweł,Kowalczyk
570,magdalena63@gazeta.pl,Magdalena,Dudek
571,monika87@gmail.com,Wojciech,Fityka
572,monika73@o2.pl,Monika,Piotrowski
573,bpiotrowski@gmai.com,Barbara,Piotrowski
574,malgorzata.kaminski@gazeta.pl,Małgorzata,Kamiński
575,grabowski.katarzyna@wp.pI,Katarzyna,Grabowski
576,rafal.zieliski@interia.pl,Rafał,Zieliński
577,mpawlowski@o2.p,Małgorzata,Pawłowski
578,jankowski.pawel@interia.pl,Paweł,Jankowski
579,adam.jankowski@gmail.cm,Adam,Jankowski
580,kamil.nowicki12..x@interia.pl,Kamil,Nowicki
581,krawczyk.natalia@onet.pl,Natalia,Krawczyk
582,mazur.pawel@vp.pl,Paweł,Mazur
583,kzielinski@vp.pl,Karolina,Zieliński
584,wnowicki..x@onet.pl,Wojciech,Nowicki
585,magdalena.dabrowski89@gazeta.pl,Magdalena,Dąbrowski
586,lukasz_wieczorek@onet.pl,Łukasz,Wieczorek
587,kowalczyk.rafal@op.pl,Rafał,Kowalczyk
588,piotr_dabrowski@protonmail.com,Piotr,Dąbrowski
589,monika.jankowski49@outlook.com,Monika,Jankowski
590,michal_mazur@orange.pl,Michał,Mazur
591,bwisniewski@hotmail.com,Barbara,Wiśniewski
592,magdalena.krawczyk17@hotmail.com,Magdalena,Krawczyk
593,kaminski.marcin@wp.pl,Marcin,Kamiński
594,jakub87@vp.pl,Jakub,Nowicki
595,karolinawieczorek@firma-ktorej-nie-ma-9812.pl,Karolina,Wieczorek
596,jankowski.jakub@outlook.com,Jakub,Jankowski
597,katarzyna.krawczyk@hotmail.com,Katarzyna,Krawczyk
598,michal94@onet.pl,Michał,Dudek
599,julia.zajac98@o2.pl,Julia,Zając
600,kwisniewski@,Katarzyna,Wiśniewski
601,joanna68@stara-nazwa-spolki-2003.pl,Joanna,Dąbrowski
602,dudek.zofia@gazeta.pl,Zofia,Dudek
603,anna81@icloud.com,Anna,Woźniak
604,aleksandra.jankowski80@hotmail.com,Aleksandra,Jankowski
605,jakub.nowicki55@o2.pl,Paweł,Michalski
606,biuro@op.pl,Andrzej,Wiśniewski
607,joanna_zielinski@protonmail.com,Joanna,Zieliński
608,natalia.grabowski@op.pl,Natalia,Grabowski
609,jfityka@temp-mail.org,Julia,Fityka
610,monikakozlowski@o2.pl,Monika,Kozłowski
611,zofia.adamczyk88@o2.pl,Zofia,Adamczyk
612,joanna.grabowski11@gmail.com,Joanna,Grabowski
613,tomasz.kaminski76@o2.pl,Tomasz,Kamiński
614,annadudek@interia.pl,Monika,Lewandowski
615,admin@o2.pl,Grzegorz,Jankowski
616,piotr.lewandowski@guerrillamail.com,Piotr,Lewandowski
617,anna78@vp.pl,Anna,Adamczyk
618,piotr.kwiatkowski85@orange.pl,Natalia,Grabowski
619,andrzej_wisniewski@guerrillamail.com,Andrzej,Wiśniewski
620,zielinski.mateusz@gmail.com,Mateusz,Zieliński
621,bok@op.pl,Wojciech,Zając
622,katarzynapiotrowski@op.pl,Katarzyna,Piotrowski
623,joanna.kwiatkowski@gazeta.pl,Joanna,Kwiatkowski
624,enowak@vp.pl,Ewa,Nowak
625,natalia.wozniak81@hotmail.com,Andrzej,Adamczyk
626,wojciechkowalski@allegro.pl,Wojciech,Kowalski
627,enowicki@interia.pl,Ewa,Nowicki
628,aleksandra.dabrowsi@orange.pl,Aleksandra,Dąbrowski
629,julia.dudek21@temp-mail.org,Julia,Dudek
630,pawel.jankowski23@o2.p,Paweł,Jankowski
631,kamil.grabowski81@gmail.com,Kamil,Grabowski
632,marcin.kaminski@wp.pl,Marcin,Kamiński
633,magdalena.dudek@icloud.com,Magdalena,Dudek
634,mazur.grzegorz@hotmail.com,Grzegorz,Mazur
635,biuro@poczta.onet.pl,Grzegorz,Fityka
636,kamil.mazur@allegro.pl,Kamil,Mazur
637,rafal_pawlowski@op.pl,Rafał,Pawłowski
638,joanna.zajac@vp.pl,Joanna,Zając
639,krzysztofmichalski@xyz-nieznana-domena-7788.eu,Krzysztof,Michalski
640,marcin.lewandowski12@hotmial.com,Marcin,Lewandowski
641,kamil.zielinski74@gazeta.pl,Kamil,Zieliński
642,mateusz97@interia.pl,Mateusz,Piotrowski
643,joanna_zielinski@gazeta.pl,Joanna,Zieliński
644,bok@allegro.pl,Agnieszka,Fityka
645,nowak.piotr@poczta.onet.pl,Piotr,Nowak
646,tomaszkaminski@poczta.onet.pl,Tomasz,Kamiński
647,gdudek@gmail.com,Grzegorz,Dudek
648,tkowalczyk@hotmail.com,Tomasz,Kowalczyk
649,lukasz.kozlowski@interia.pl,Łukasz,Kozłowski
650,akowalski@orange.pl,Adam,Kowalski
651,ewa.mazur61gmail.com,Ewa,Mazur
652,anowak@gmail.com,Andrzej,Nowak
653,jkwiatkowski@onet.pl,Jakub,Kwiatkowski
654,ewakozlowski@vp.pl,Ewa,Kozłowski
655,mateuszwisniewski@op.pl,Mateusz,Wiśniewski
656,tomasz.zaac@protonmail.com,Tomasz,Zając
657,pawlowski.katarzyna@hotmail.com,Katarzyna,Pawłowski
658,kaminski.agnieszka@stara-nazwa-spolki-2003.pl,Agnieszka,Kamiński
659,natalia68@outlook.com,Mateusz,Mazur
660,piotr61@outlook.com,Piotr,Mazur
661,kamil72@gazeta.pI,Kamil,Pawłowski
662,karolinadudek@o2.pl,Karolina,Dudek
663,dudek.rafal@orange.pl,Rafał,Dudek
664,wieczorek.pawel@icloud.com,Paweł,Wieczorek
665,wojciech71@temp-mail.org,Wojciech,Wiśniewski
666,jakub_szymanski@gmail.com,Jakub,Szymański
667,barbara_pawlowski@interia.pl,Barbara,Pawłowski
668,mateusz65@gmail.com,Mateusz,Woźniak
669,tomasz.adamczyk4@vp.pl,Tomasz,Adamczyk
670,andrzej.mazur@orange.pl,Andrzej,Mazur
671,nowak.kamil@stara-nazwa-spolki-2003.pl,Kamil,Nowak
672,mdabrowski@icloud.com,Monika,Dąbrowski
673,pawel.wieczorek@guerrillamail.com,Paweł,Wieczorek
674,krzysztof_zajac@poczta.onet.pl,Krzysztof,Zając
675,ewa.pawlowski14@interia.pI,Ewa,Pawłowski
676,bok@vp.pl,Ewa,Jankowski
677,katarzyna_wisniewski@gazeta.pl,Katarzyna,Wiśniewski
678,kkwiatkowski@orange.pl,Karolina,Kwiatkowski
679,kwiatkowski.marcin@outlok.com,Marcin,Kwiatkowski
680,pawel.szymanski@gmail,Paweł,Szymański
681,adam_szymanski@interia.pl,Adam,Szymański
682,mateusz.kozlowski92@op.pl,Mateusz,Kozłowski
683,michal94@10minutemail.com,Michał,Wieczorek
684,lukasz90@gmail.com,Łukasz,Lewandowski
685,"kkowalski@interia.pl,",Karolina,Kowalski
686,info@wp.pl,Aleksandra,Dąbrowski
687,mateusz_lewandowski@orange.pl,Mateusz,Lewandowski
688,rafal.nowak@,Rafał,Nowak
689,pawelkwiatkowski@poczta.onet.pl,Paweł,Kwiatkowski
690,ggrabowski@outlook.com,Grzegorz,Grabowski
691,jnowicki@gazeta.pl,Joanna,Nowicki
692,piotr.lewandowski@guerrillamail.com,Piotr,Lewandowski
693,dudek.krzysztof@gazeta.pl,Krzysztof,Dudek
694,lukasz.kowalczyk@gazeta.pI,Łukasz,Kowalczyk
695,info@vp.pl,Grzegorz,Szymański
696,mazur.monika@o2.pl,Monika,Mazur
697,mateuszwozniak@outlook.com,Mateusz,Woźniak
698,ldabrowski@firma-ktorej-nie-ma-9812.pl,Łukasz,Dąbrowski
699,ajankowski@gazeta.pl,Agnieszka,Jankowski
700,gpawlowski@outlok.com,Grzegorz,Pawłowski
701,natalia97@allegro.pl,Natalia,Lewandowski
702,tomasz.fityka@op.pl,Tomasz,Fityka
703,akwiatkowski@allegro.pl,Aleksandra,Kwiatkowski
704,lukasznowicki@gmail.com,Anna,Kwiatkowski
705,knowak@o2.pl,Katarzyna,Nowak
706,rafal.adamczyk94@protonmail.com,Rafał,Adamczyk
707,mateuszkowalczyk@onet.pl,Mateusz,Kowalczyk
708,wojciechzielinski@gmail.com,Wojciech,Zieliński
709,karolina73@o2.pl,Karolina,Zając
710,admin@hotmail.com,Karolina,Woźniak
711,grzegorz.krawczyk13@guerrillamail.com,Grzegorz,Krawczyk
712,jakub.kowalczyk@icloud.com,Jakub,Kowalczyk
713,karolina71@firma-ktorej-nie-ma-9812.pl,Karolina,Adamczyk
714,barbaralewandowski@vp.pl,Barbara,Lewandowski
715,joanna91@op.pl,Joanna,Dąbrowski
716,@hotmail.com,Grzegorz,Krawczyk
717,krzysztof97@interia.pl,Krzysztof,Wieczorek
718,andrzej_kaminski@orange.pl,Andrzej,Kamiński
719,nowak.krzysztof@hotmail.com,Karolina,Woźniak
720,tomasz78@interia.pl,Tomasz,Fityka
721,wozniak.monika@wp.pl,Monika,Woźniak
722,piotrowski.kamil@stara-nazwa-spolki-2003.pl,Kamil,Piotrowski
723,dabrowski.agnieszka@gazeta.pl,Agnieszka,Dąbrowski
724,kontakt@o2.pl,Paweł,Pawłowski
725,julia61@icloud.com,Julia,Wójcik
726,natalia92@vp.pl,Natalia,Michalski
727,julia73@outlok.com,Julia,Lewandowski
728,pawel.lewandowski@op.pl,Paweł,Lewandowski
729,pawlowski.anna@wp.pl,Anna,Pawłowski
730,info@gmail.com,Natalia,Krawczyk
731,piotrowski.krzysztof@gmial.com,Krzysztof,Piotrowski
732,aleksandradabrowski@gmail.com,Aleksandra,Dąbrowski
733,wisniewski.kamil@outlook.com,Kamil,Wiśniewski
734,jakub_kaminski@protonmail.com,Jakub,Kamiński
735,kamilfityka@hotmail.com,Kamil,Fityka
736,kamil.kwiatkowski9@o2.pl,Kamil,Kwiatkowski
737,badamczykorange.pl,Barbara,Adamczyk
738,barbara_szymanski@onet.pl,Barbara,Szymański
739,joannaadamczyk@protonmail.com,Joanna,Adamczyk
740,@gmail.com,Zofia,Grabowski
741,dabrowski.mateusz@onet.pl,Mateusz,Dąbrowski
742,jmichalski@protonmail.com,Joanna,Michalski
743,pawel.mazur3@gmai.com,Paweł,Mazur
744,wojciech.zajac79@op.pl,Wojciech,Zając
745,katarzyna_kozlowski@poczta.onet.pl,Katarzyna,Kozłowski
746,grzegorz.kowalczyk@interia.pl,Grzegorz,Kowalczyk
747,sprzedaz@o2.pl,Tomasz,Zieliński
748,zajac.wojciech@o2.p,Wojciech,Zając
749,lukasznowak@interia.pl,Łukasz,Nowak
750,karolina.krawczyk39@yopmail.com,Karolina,Krawczyk
751,marcin.mazur94@poczta.onet.pl,Marcin,Mazur
752,tomaszadamczyk@gazeta.pl,Tomasz,Adamczyk
753,ewakowalski@onet.pl,Ewa,Kowalski
754,grzegorz65@hotmail.com,Grzegorz,Szymański
755,tomasz95@stara-nazwa-spolki-2003.pl,Tomasz,Fityka
756,barbara77@interia.pl,Barbara,Zając
757,krzysztof_pawlowski@gmail.co,Krzysztof,Pawłowski
758,bwozniak@onet.pl,Barbara,Woźniak
759,krzysztof_zielinski@gazeta.pI,Krzysztof,Zieliński
760,biuro@op.pl,Monika,Zając
761,zajac.ewa@firma-ktorej-nie-ma-9812.pl,Ewa,Zając
762,wojciech.nowak70@mailinator.com,Wojciech,Nowak
763,@poczta.onet.pl,Agnieszka,Woźniak
764,zdudek@o2.pl,Zofia,Dudek
765,marcinkwiatkowski@outlook.com,Marcin,Kwiatkowski
766,kontakt@orange.pl,Łukasz,Kowalski
767,"magdalena.pawlowski@op.pl,",Magdalena,Pawłowski
768,adam.lewandowski96@gmail.com,Adam,Lewandowski
769,mkowalski@interia.pl,Marcin,Kowalski
770,zofia_fityka@outlook.com,Zofia,Fityka
771,kamil.piotrowski65@op.pl,Kamil,Piotrowski
772,dudek.aleksandra@hotmail.com,Aleksandra,Dudek
773,nkozlowski@wp.pl,Natalia,Kozłowski
774,magdalena.grabowski@poczta.onet.pl,Magdalena,Grabowski
775,kwiatkowski.piotr@onet.pl,Piotr,Kwiatkowski
776,magdalena.pawlowski3@op.pl,Magdalena,Pawłowski
777,ajankowski@gmial.com,Aleksandra,Jankowski
778,grabowski.rafal@protonmail.com,Rafał,Grabowski
779,wkowalski@interia.pl,Wojciech,Kowalski
780,joanna.wisniewski@xyz-nieznana-domena-7788.eu,Joanna,Wiśniewski
781,andrzej.fityka@protonmail.com,Andrzej,Fityka
782,adam_michalski@poczta.onet.pl,Adam,Michalski
783,pkowalczyk@vp.pl,Joanna,Fityka
784,wojciech70@onet.pI,Wojciech,Grabowski
785,joanna.duek@hotmail.com,Joanna,Dudek
786,jakub.jankowski@wp.pl,Jakub,Jankowski
787,natalia60@outlok.com,Natalia,Kowalczyk
788,bgrabowski@hotmail.com,Barbara,Grabowski
789,twisniewski@vp.pl,Katarzyna,Woźniak
790,ndabrowski@hotmail.com,Natalia,Dąbrowski
791,ekwiatkowski@onet.pl,Ewa,Kwiatkowski
792,admin@orange.pl,Zofia,Zając
793,jakub.kwalczyk@hotmail.com,Jakub,Kowalczyk
794,katarzyna.fityka@op.pl,Katarzyna,Fityka
795,joanna74@poczta.onet.pl,Joanna,Krawczyk
796,kamil_zielinski@protonmail.com,Kamil,Zieliński
797,wojciech.fityka@protonmail.com,Wojciech,Fityka
798,krawczyk.marcin@poczta.onet.pl,Marcin,Krawczyk
799,mateusz_jankowski@xyz-nieznana-domena-7788.eu,Mateusz,Jankowski
800,wojcik.natalia@interia.pl,Natalia,Wójcik
801,pawel.grabowski@o2.pl,Paweł,Grabowski
802,ewa.zielinski@icloud.com,Ewa,Zieliński
803,kowalski.krzysztof@protonmail.com,Krzysztof,Kowalski
804,pawelszymanski a@interia.pl,Paweł,Szymański
805,knowak@stara-nazwa-spolki-2003.pl,Karolina,Nowak
806,kontakt@interia.pl,Monika,Zając
807,juliawozniak@orange.pl,Julia,Woźniak
808,andrzej.kowalski@allegro.pl,Małgorzata,Kamiński
809,mmazur@op.pl,Magdalena,Mazur
810,aleksandra_wojcik@onet.pl,Aleksandra,Wójcik
811,magdalenakozlowski@op.pl,Magdalena,Kozłowski
812,rnowicki@gmail.com,Rafał,Nowicki
813,kozlowski.krzysztof@icloud.com,Krzysztof,Kozłowski
814,aleksandrazielinski@outlok.com,Aleksandra,Zieliński
815,piotrfityka@vp.pl,Piotr,Fityka
816,mnowak@onet.pl,Michał,Nowak
817,michalmichalski@gmail.co,Michał,Michalski
818,marcin90@outlook.com,Marcin,Piotrowski
819,mdabrowski@guerrillamail.com,Marcin,Dąbrowski
820,kamil73@allegro.pl,Kamil,Pawłowski
821,karolinazajac@gmail.co,Karolina,Zając
822,jakub.kwiatkowski20@vp.pl,Jakub,Kwiatkowski
823,lukasz.kowalzyk@allegro.pl,Łukasz,Kowalczyk
824,andrzej.piotrowski90@wp.pl,Andrzej,Piotrowski
825,kamilpiotrowski@icloud.com,Mateusz,Michalski
826,gpawlowski@gmail.com,Grzegorz,Pawłowski
827,adam75@xyz-nieznana-domena-7788.eu,Adam,Kozłowski
828,@allegro.pl,Grzegorz,Jankowski
829,malgorzata_kowalski@onet.pl,Małgorzata,Kowalski
830,aleksandra.zielinski@outlook.com,Aleksandra,Zieliński
831,adam75@yopmail.com,Adam,Krawczyk
832,piotr.szymanski45@protonmail.com,Piotr,Szymański
833,anna64@onet.pI,Anna,Zając
834,marcin_kaminski@o2.pl,Marcin,Kamiński
835,joanna_dudek@hotmail.com,Joanna,Dudek
836,aleksandra.zielinski@gazeta.pl,Aleksandra,Zieliński
837,joannanowicki@trashmail.com,Joanna,Nowicki
838,ewa.grabowski@icloud.com,Adam,Szymański
839,agnieszka.kozlowski@vp.pl,Agnieszka,Kozłowski
840,grzegorzzielinski@poczta.onet.pl,Grzegorz,Zieliński
841,kamil64@wp.pl,Kamil,Kwiatkowski
842,sprzedaz@allegro.pl,Anna,Piotrowski
843,tomasz_pawlowski@o2.pl,Tomasz,Pawłowski
844,@icloud.com,Aleksandra,Lewandowski
845,anowak@xyz-nieznana-domena-7788.eu,Aleksandra,Nowak
846,marcin93@allegro.pl,Marcin,Piotrowski
847,wojciech.fityka@onet.pl,Wojciech,Fityka
848,andrzejkowalskionet.pl,Andrzej,Kowalski
849,barbara.kozlowski65@orange.pl,Barbara,Kozłowski
850,katarzyna72@op.pl,Katarzyna,Adamczyk
851,afityka@op.pl,Andrzej,Fityka
852,jakub.wozniak85@interia.pl,Jakub,Woźniak
853,tnowak@orange.pl,Tomasz,Nowak
854,malgorzata.krawczyk66@allegro.pl,Małgorzata,Krawczyk
855,tomasz.kozlowski@wp,Tomasz,Kozłowski
856,andrzej88@vp.pl,Andrzej,Grabowski
857,mmichalski@hotmail.com,Małgorzata,Michalski
858,krzysztof_wisniewski@interia.pl,Krzysztof,Wiśniewski
859,wojciechnowak@poczta.onet.pl,Wojciech,Nowak
860,akwiatkowski@orange.pl,Anna,Kwiatkowski
861,barbara_wisniewski@orange.pl,Barbara,Wiśniewski
862,grabowski.krzysztof@onte.pl,Krzysztof,Grabowski
863,lukaszdudek@outlook.com,Łukasz,Dudek
864,adamczyk.piotr@interia.pl,Piotr,Adamczyk
865,"grzegorz.kowalski45@vp.pl,",Grzegorz,Kowalski
866,@hotmail.com,Małgorzata,Piotrowski
867,ewanowak@hotmail.com,Ewa,Nowak
868,wwojcik@orange.pl,Wojciech,Wójcik
869,aleksandra.adaczyk@gmail.com,Aleksandra,Adamczyk
870,pawel.piotrowski@hotmail.com,Paweł,Piotrowski
871,piotr.lewandowski@guerrillamail.com,Piotr,Lewandowski
872,marcin_grabowski@gazeta.pl,Marcin,Grabowski
873,tomasz.wojcik@,Tomasz,Wójcik
874,magdalena97@onet.pI,Magdalena,Jankowski
875,michal.kozlowski@wp.pll,Michał,Kozłowski
876,kozlowski.kamil@poczta.onet.pl,Kamil,Kozłowski
877,julia.jankowski6@op.pl,Julia,Jankowski
878,krzysztof.wozniak44@hotmail.com,Krzysztof,Woźniak
879,anna.krawczyk@hotmial.com,Anna,Krawczyk
880,ewa_michalski@outlook.com,Ewa,Michalski
881,krzysztof.kowaski@gazeta.pl,Krzysztof,Kowalski
882,bok@poczta.onet.pl,Piotr,Adamczyk
883,juliakaminski@orange.pl,Julia,Kamiński
884,adamczyk.mateusz@wp.pl,Mateusz,Adamczyk
885,grzegorz.krawczyk@protonmail.com,Ewa,Nowicki
886,zofia77@protonmail.com,Zofia,Michalski
887,kamil71@onet.pI,Kamil,Nowak
888,rmazur@outlook.com,Rafał,Mazur
889,lukasz.kwiatkowski@sharklasers.com,Łukasz,Kwiatkowski
890,wojciech.kozlowski21@poczta.onet.pl,Wojciech,Kozłowski
891,malgorzata85@o2.pl,Małgorzata,Nowicki
892,kwisniewski@allegro.pl,Katarzyna,Wiśniewski
893,zofia.szymanski@gmail.com,Zofia,Szymański
894,mateusz.grabowski31@outlook.com,Mateusz,Grabowski
895,mateuszkozlowski@gazeta.pl,Mateusz,Kozłowski
896,szymanski.tomasz@outlok.com,Tomasz,Szymański
897,jakub.fityka30@xyz-nieznana-domena-7788.eu,Jakub,Fityka
898,lukasz.nowak@interia.pl,Łukasz,Nowak
899,krzysztof.kowalski43@gazeta.pl,Krzysztof,Kowalski
900,kowalski.aleksandra@icloud.com,Aleksandra,Kowalski
901,amichalski@orange.pl,Adam,Michalski
902,adamczyk.julia@protonmail.com,Julia,Adamczyk
903,malgorzata97..x@interia.pl,Małgorzata,Nowicki
904,aleksandra60@protonmail.com,Aleksandra,Dudek
905,zofia.krawczyk42@wp.pl,Ewa,Kwiatkowski
906,lukasz.kowalczyk@gazeta.pI,Łukasz,Kowalczyk
907,ewa.kwiatowski@protonmail.com,Ewa,Kwiatkowski
908,sprzedaz@orange.pl,Katarzyna,Kamiński
909,barbara.szymnski@o2.pl,Barbara,Szymański
910,wojciech71@temp-mail.org,Wojciech,Wiśniewski
911,aleksandra74@gazeta.pl,Aleksandra,Kamiński
912,jakub.zielinski16@wp.pl,Jakub,Zieliński
913,"apiotrowski@op.pl,",Adam,Piotrowski
914,kamil_dudek@outlook.com,Kamil,Dudek
915,kowalski.adam@nieistniejaca-domena-4471.com,Adam,Kowalski
916,kowalczyk.ewa@stara-nazwa-spolki-2003.pl,Ewa,Kowalczyk
917,zofia_wozniak@icloud,Zofia,Woźniak
918,tjankowski@allegro.pl,Tomasz,Jankowski
919,adam_szymanski@interia.pl,Adam,Szymański
920,krzysztof.szymanki@protonmail.com,Krzysztof,Szymański
921,tomasz.mazur@hotmail.com,Tomasz,Mazur
922,rafal.krawczyk7@allegro.pl,Rafał,Krawczyk
923,ewa81onet.pl,Ewa,Wieczorek
924,monika.nowicki@icloud.com,Barbara,Dąbrowski
925,biuro@orange.pl,Rafał,Woźniak
926,piotr97@xyz-nieznana-domena-7788.eu,Piotr,Jankowski
927,zjankowski@outlook.com,Zofia,Jankowski
928,nowicki.pawel@poczta.onet.pl,Paweł,Nowicki
929,grzegorz.michalski@gazeta.pl,Grzegorz,Michalski
930,jkowalski@o2.pl,Joanna,Kowalski
931,marcin.kaminski@hotmail.com,Marcin,Kamiński
932,mwojcik@orange.pl,Małgorzata,Wójcik
933,kaminski.rafal@poczta.onet.pl,Rafał,Kamiński
934,anna_kaminski@interia.pl,Anna,Kamiński
935,biuro@onet.pl,Zofia,Kamiński
936,grzegorzkwiatkowski@poczta.onet.pl,Grzegorz,Kwiatkowski
937,jakub.pawlowski@onet.pl,Jakub,Pawłowski
938,jakub94@allegro.pl,Jakub,Wieczorek
939,mateuszdudek@stara-nazwa-spolki-2003.pl,Mateusz,Dudek
940,adam79@gazeta.pl,Adam,Nowak
941,mszymanski@op.pl,Mateusz,Szymański
942,rkrawczyk@outlook.com,Rafał,Krawczyk
943,michal.zielinski@vp.pl,Michał,Zieliński
944,zielinski.joanna@orange.pl,Joanna,Zieliński
945,agnieszka.krawczyk53@hotmial.com,Agnieszka,Krawczyk
946,anna.krawczk@protonmail.com,Anna,Krawczyk
947,adam98@interia.pl,Adam,Wieczorek
948,admin@orange.pl,Jakub,Piotrowski
949,zgrabowski@gazeta.pl,Zofia,Grabowski
950,grzegorz.nowicki73@outlook.com,Grzegorz,Nowicki
951,mateusz.jankowski@outlok.com,Mateusz,Jankowski
952,kwiatkowski.anna@o2.p,Anna,Kwiatkowski
953,krzysztof81@allegro.pl,Krzysztof,Kowalski
954,piotr.kowalczyk84@hotmail.com,Piotr,Kowalczyk
955,zkowalski@gazeta.pl,Zofia,Kowalski
956,plewandowski@gmail.com,Paweł,Lewandowski
957,pawel78@poczta.onet.pl,Paweł,Zając
958,gmazur@gmail.com,Grzegorz,Mazur
959,mazur.lukasz@o2.pl,Łukasz,Mazur
960,piotrowski.rafal@10minutemail.com,Rafał,Piotrowski
961,tomasz.mazur34@outlook.com,Tomasz,Mazur
962,zofiamichalski@o2.pl,Zofia,Michalski
963,katarzyna.wisniewski92@outlook.com,Katarzyna,Wiśniewski
964,kamil80@gmail.com,Kamil,Dudek
965,julia.piotrowski52@outlook.com,Julia,Piotrowski
966,gwieczorek@poczta.onet.pl,Grzegorz,Wieczorek
967,piotrowski.aleksandra@vp.pl,Aleksandra,Piotrowski
968,kamil.kozlowski@hotmail.com,Kamil,Kozłowski
969,grzegorzgrabowski@vp.pl,Grzegorz,Grabowski
970,michal79@icloud.com,Paweł,Zieliński
971,tomasz_piotrowski@interia.pl,Tomasz,Piotrowski
972,bgrabowski@icloud.com,Barbara,Grabowski
973,lkwiatkowski@gmai.com,Łukasz,Kwiatkowski
974,nowicki.andrzej@gazeta.pl,Andrzej,Nowicki
975,natalianowak@onet.pl,Natalia,Nowak
976,kontakt@protonmail.com,Anna,Wieczorek
977,sekretariat@outlook.com,Tomasz,Kwiatkowski
978,wadamczyk@hotmail.com,Wojciech,Adamczyk
979,krzysztofzajac@o2.pl,Krzysztof,Zając
980,agnieszka.wojcik@hotmail.com,Agnieszka,Wójcik
981,karolina69@poczta.onet.pl,Karolina,Adamczyk
982,kamil61@yopmail.com,Kamil,Wieczorek
983,lukasz_wisniewski@xyz-nieznana-domena-7788.eu,Łukasz,Wiśniewski
984,katarzyna.mazur@vp.pl,Katarzyna,Mazur
985,katarzyna.dbrowski@poczta.onet.pl,Katarzyna,Dąbrowski
986,karolina.lewandowski@icloud.com,Karolina,Lewandowski
987,monika_mazur@interia.pl,Monika,Mazur
988,grzegorzkowalski@poczta.onet.pl,Grzegorz,Kowalski
989,monika.wozniak@vp.pl,Monika,Woźniak
990,@interia.pl,Karolina,Jankowski
991,magdalena63@mailinator.com,Magdalena,Kowalski
992,zofia_szymanski@protonmail.com,Zofia,Szymański
993,szymanski.adam@,Adam,Szymański
994,kamilzajac@poczta.onet.pl,Kamil,Zając
995,piotr.zajac@interia.pl,Piotr,Zając
996,lukasz.michalski@hotmial.com,Łukasz,Michalski
997,aleksandra_kaminski@wp.pl,Aleksandra,Kamiński
998,gmazur@allegro.pl,Grzegorz,Mazur
999,ewa_wozniak@interia.pl,Ewa,Woźniak
1000,magdalena_krawczyk@vp.pl,Magdalena,Krawczyk
